timestamp,temperature,humidity
1756219288.8285737,25.814634146341465,47.951219512195124
1756219888.9586143,25.823170731707318,47.21951219512195
1756220489.0700974,25.902439024390244,46.5109756097561
1756221101.1873314,25.840243902439024,45.079268292682926
1756221701.3083599,25.906097560975613,44.7890243902439
1756222301.4210587,26.108536585365854,44.56707317073171
1756222901.5299547,26.181707317073172,44.143902439024394
1756223507.648624,25.778048780487808,43.796341463414635
1756224107.7766192,25.971951219512192,43.99390243902439
1756224707.8884616,25.89390243902439,44.51219512195122
1756225314.0072303,25.596341463414635,44.323170731707314
1756225914.1231353,25.16219512195122,43.392682926829266
1756226514.2375894,24.920731707317074,42.80365853658537
1756227114.3436604,24.835365853658537,42.25121951219512
1756227726.461626,24.526829268292683,42.05975609756098
1756228332.5676763,24.9,41.69634146341463
1756228932.684979,25.548780487804876,40.853658536585364
1756229532.7951345,25.31219512195122,40.334146341463416
1756230132.9112144,25.48780487804878,40.05975609756098
1756230733.0268877,25.637804878048783,39.82073170731707
1756231333.2971735,25.600000000000005,39.543902439024386
1756231933.412615,25.558536585365857,39.4390243902439
1756232537.8291085,25.66219512195122,39.557317073170736
1756233137.9440315,25.77926829268293,39.648780487804885
1756233738.0550406,25.79390243902439,39.417073170731705
1756234338.168599,25.823170731707318,39.24878048780488
1756234938.2854702,25.73048780487805,38.80731707317073
1756235538.3949459,25.74390243902439,39.329268292682926
1756236138.5086815,25.714634146341464,39.452439024390245
1756236738.61718,25.632926829268293,39.146341463414636
1756237344.7273993,25.49756097560976,38.33170731707317
1756237944.8440104,25.54268292682927,39.08902439024391
1756238544.957841,25.702439024390245,40.68414634146341
1756239145.0645325,25.809756097560978,41.18292682926829
1756239745.1781168,25.892682926829266,40.96219512195122
1756240345.2933156,26.05609756097561,40.27804878048781
1756240945.4172924,25.882926829268293,39.69146341463415
1756241545.527452,25.899999999999995,39.69024390243903
1756242145.6422973,25.874390243902436,39.65731707317073
1756242745.7487204,25.75121951219512,39.68414634146342
1756243345.864665,25.535365853658536,39.208536585365856
1756243945.9814622,25.617073170731707,39.23048780487805
1756244546.0962327,25.890243902439025,39.49878048780488
1756245146.2096765,25.8109756097561,39.291463414634144
1756245746.3351688,25.798780487804876,39.25731707317073
1756246346.443689,26.049999999999997,39.18292682926829
1756246946.5537999,25.860975609756096,38.76341463414634
1756247552.6602032,25.914634146341463,38.557317073170736
1756248158.768845,26.113414634146345,38.52682926829268
1756248770.880186,26.073170731707318,38.53170731707317
1756249388.9981198,26.159756097560976,38.369512195121956
1756249989.1108322,26.121951219512194,38.13658536585366
1756250589.219156,26.179268292682924,38.103658536585364
1756251189.33536,26.123170731707315,38.2719512195122
1756251789.4468062,26.037804878048778,38.49390243902439
1756252395.561295,26.14512195121951,38.36951219512195
1756252995.6684139,26.078048780487805,38.56341463414634
1756253601.7738743,25.99390243902439,38.856097560975606
1756254201.8884792,26.01463414634146,38.66463414634146
1756254801.9915805,25.971951219512192,38.5609756097561
1756255402.1078393,26.179268292682924,37.958536585365856
1756256002.2172823,26.26219512195122,37.62560975609756
1756256614.3336864,25.919512195121953,37.98170731707317
1756257214.4463508,25.99634146341463,38.16829268292683
1756257814.5544527,25.932926829268293,38.69634146341463
1756258414.6611829,25.73536585365854,39.706097560975614
1756259014.7771773,25.6890243902439,40.81463414634146
1756259614.9021964,25.962195121951222,40.80121951219512
1756260215.0166636,26.0,41.37926829268292
1756260821.13491,26.03170731707317,41.66707317073171
1756261421.2455683,25.98048780487805,41.84634146341463
1756262021.355195,25.682926829268293,42.359756097560975
1756262621.46951,25.046341463414635,43.33048780487805
1756263221.583957,25.141463414634146,43.30365853658537
1756263821.70251,25.50365853658537,46.72317073170731
1756264421.814288,25.600000000000005,46.12926829268292
1756265027.930583,25.557317073170736,45.912195121951214
1756265652.048616,25.600000000000005,46.05365853658537
1756266252.1545837,25.5,46.114634146341466
1756266852.2720525,25.5,46.47195121951219
1756267452.3800561,25.417073170731705,46.610975609756096
1756268052.4921002,25.452439024390245,46.62560975609756
1756268652.6005278,25.399999999999995,46.66585365853659
1756269252.7162635,25.367073170731707,46.81341463414634
1756269852.8344717,25.378048780487806,46.957317073170735
1756270452.9517457,25.396341463414632,47.071951219512194
1756271053.0634472,25.390243902439025,47.06951219512195
1756271653.1791933,25.3109756097561,47.13780487804878
1756272253.2983255,25.299999999999997,47.28658536585366
1756272853.412762,25.23414634146341,47.46341463414634
1756273459.5278132,25.148780487804874,47.63536585365854
1756274059.6456883,25.100000000000005,47.792682926829265
1756274671.7665431,25.100000000000005,47.8
1756275271.8774815,25.06219512195122,47.87560975609756
1756275871.9949226,25.046341463414635,47.84878048780487
1756276472.1137633,24.896341463414632,47.93292682926829
1756277072.2278438,24.823170731707318,47.97317073170732
1756277672.3390439,24.8,47.9890243902439
1756278272.4689157,24.8,48.01829268292683
1756278872.5839472,24.793902439024393,48.10121951219512
1756279472.7022073,24.74512195121951,48.24390243902439
1756280072.8129091,24.60609756097561,48.51829268292683
1756280672.9307644,24.6,48.74268292682927
1756281273.050069,24.6,48.828048780487805
1756281873.1672819,24.6,48.9
1756282473.2763324,24.4890243902439,48.9
1756283079.3899145,24.476829268292683,48.84390243902439
1756283679.5076838,24.539024390243902,48.69146341463415
1756284279.6198738,24.429268292682924,48.71219512195122
1756284879.7381382,24.379268292682926,48.84634146341463
1756285479.8580294,24.335365853658537,48.95
1756286079.9752793,24.27926829268293,49.00121951219512
1756286680.0863876,24.3,48.96585365853658
1756287280.1940494,24.3,48.947560975609754
1756287880.3052404,24.259756097560974,48.90853658536585
1756288480.4470663,24.173170731707316,48.99634146341463
1756289092.565054,24.121951219512194,48.87439024390244
1756289692.682508,24.071951219512197,48.860975609756096
1756290292.804659,24.1,48.96585365853658
1756290892.9134793,24.01829268292683,49.23170731707317
1756291493.0388622,24.0,49.6719512195122
1756292093.1533258,23.98658536585366,49.9
1756292693.2839243,23.960975609756098,50.00975609756098
1756293293.3980541,23.859756097560975,50.28170731707316
1756293893.5106606,23.89512195121951,50.22439024390245
1756294493.6422617,23.9,50.20487804878049
1756295093.760367,23.9,50.140243902439025
1756295693.869938,23.89512195121951,50.03048780487805
1756296293.9832547,23.9,49.9
1756296894.1043658,23.878048780487806,49.97926829268293
1756297494.2232919,23.9,50.34268292682926
1756298094.341017,23.96951219512195,50.37317073170731
1756298694.4561615,24.068292682926828,50.13536585365854
1756299294.5810626,23.942682926829267,49.95609756097561
1756299894.7017264,23.35853658536585,50.30731707317073
1756300494.8106186,23.584146341463416,49.70487804878049
1756301094.9286556,23.48170731707317,49.55853658536585
1756301695.0390337,23.531707317073174,49.25121951219512
1756302295.156892,23.569512195121952,49.22560975609756
1756302895.26874,23.721951219512196,48.96341463414634
1756303495.3867652,24.025609756097563,48.65609756097561
1756304113.5050437,24.140243902439025,48.3780487804878
1756304725.6192908,24.2,48.13536585365854
1756305331.7352571,24.35731707317073,47.74268292682927
1756305931.8534055,24.38170731707317,47.43414634146341
1756306531.9719021,24.389024390243904,47.49146341463415
1756307132.085441,24.534146341463416,47.045121951219514
1756307732.2011611,24.534146341463416,46.34878048780487
1756308332.3208392,24.460975609756098,46.03780487804878
1756308932.4549248,24.559756097560978,45.619512195121956
1756309532.5719185,24.496341463414634,45.09390243902439
1756310132.6899745,24.35,45.415853658536584
1756310732.8212206,24.586585365853658,44.984146341463415
1756311332.9384863,24.764634146341464,44.06463414634147
1756311933.0498087,24.526829268292683,42.823170731707314
1756312551.1722662,24.545121951219514,42.94390243902439
1756313151.2918768,24.65487804878049,43.080487804878054
1756313763.4132838,24.700000000000003,42.72073170731707
1756314375.5338712,24.748780487804876,42.49512195121951
1756314975.6482952,24.717073170731705,42.43658536585365
1756315575.7686853,24.68780487804878,42.3719512195122
1756316175.8809106,24.932926829268293,41.796341463414635
1756316775.9964628,24.946341463414633,41.09512195121951
1756317376.108666,24.86951219512195,39.61219512195122
1756317976.2269285,24.88170731707317,40.425609756097565
1756318576.3468332,25.118292682926832,40.896341463414636
1756319176.4591854,25.171951219512195,40.890243902439025
1756319776.5725513,25.200000000000003,40.618292682926835
1756320382.693652,25.2890243902439,40.27073170731707
1756320982.8108368,25.299999999999997,39.43536585365854
1756321582.9219322,25.21829268292683,38.925609756097565
1756322183.0372577,25.27926829268293,39.49146341463415
1756322783.1534584,25.42560975609756,39.264634146341464
1756323383.287911,25.5,39.0609756097561
1756323983.4005299,25.545121951219514,38.65487804878049
1756324583.5126803,25.652439024390244,38.27073170731707
1756325183.6214833,25.600000000000005,37.5109756097561
1756325783.7378385,25.671951219512195,37.59390243902439
1756326383.8558917,25.621951219512194,37.167073170731705
1756326983.9730322,25.591463414634145,36.82073170731707
1756327584.0817797,25.670731707317074,36.880487804878044
1756328184.196751,25.669512195121953,37.64756097560976
1756328784.32463,25.658536585365855,37.702439024390245
1756329384.4494317,25.73414634146341,37.21585365853658
1756329984.5681946,25.700000000000003,36.21707317073171
1756330584.6962569,25.71707317073171,36.18414634146341
1756331184.8173723,25.629268292682926,35.619512195121956
1756331784.9290416,25.51707317073171,35.640243902439025
1756332385.0502841,25.5,35.90975609756097
1756332985.1669962,25.547560975609755,36.50487804878049
1756333585.2938817,25.653658536585365,37.15487804878049
1756334185.4091597,25.709756097560973,38.25243902439024
1756334785.516981,25.817073170731707,39.27439024390244
1756335385.6323957,25.876829268292685,39.71585365853658
1756335985.7499459,25.76951219512195,39.71707317073171
1756336585.8635461,25.834146341463416,40.28780487804878
1756337185.9768279,25.886585365853655,40.824390243902435
1756337786.0935922,25.881707317073168,39.77073170731707
1756338386.243371,25.887804878048776,39.708536585365856
1756338986.3588727,25.899999999999995,39.650000000000006
1756339586.4833772,25.899999999999995,39.52439024390244
1756340186.5988345,25.899999999999995,39.326829268292684
1756340786.7156525,25.740243902439023,39.3
1756341386.8255389,25.799999999999997,39.48658536585366
1756341986.9426188,25.770731707317072,39.27926829268293
1756342587.0610697,25.708536585365852,39.00975609756098
1756343187.1917198,25.76829268292683,38.65487804878049
1756343787.3018122,25.774390243902438,38.18658536585366
1756344387.414737,25.784146341463416,38.082926829268295
1756344993.5369012,25.845121951219515,38.05487804878049
1756345593.6557844,25.799999999999997,38.071951219512194
1756346193.7631245,25.740243902439023,38.0219512195122
1756346793.874175,25.75365853658537,37.99756097560976
1756347394.2964456,25.53048780487805,38.079268292682926
1756347994.4061694,25.636585365853655,38.0609756097561
1756348594.5236943,25.608536585365854,38.21219512195122
1756349194.6421337,25.68658536585366,38.24512195121951
1756349794.7640243,25.50487804878049,38.58170731707317
1756350394.8819437,25.508536585365853,38.86707317073171
1756350994.9926136,25.592682926829266,38.84634146341463
1756351595.1037564,25.352439024390247,38.90731707317073
1756352201.2203054,25.607317073170734,42.30975609756098
1756352801.3325415,25.741463414634147,42.609756097560975
1756353401.4491503,25.73414634146341,42.70487804878049
1756354001.5983634,25.704878048780486,42.40243902439025
1756354601.7175488,25.700000000000003,42.48048780487805
1756355201.8379009,25.700000000000003,42.68780487804878
1756355807.9506938,25.584146341463416,42.947560975609754
1756356408.0646067,25.5390243902439,42.62073170731708
1756357008.1805744,25.446341463414633,42.46585365853658
1756357608.2987247,25.221951219512192,42.41463414634146
1756358208.41243,25.296341463414635,42.48048780487805
1756358808.5223079,25.200000000000003,42.61585365853659
1756359408.642504,25.100000000000005,42.75609756097561
1756360008.761421,25.100000000000005,42.8390243902439
1756360608.8796437,25.01707317073171,43.06951219512195
1756361209.0097096,24.94878048780488,43.079268292682926
1756361809.1285458,24.8,43.28658536585366
1756362409.2465222,24.8,43.608536585365854
1756363021.3766153,24.76951219512195,43.852439024390236
1756363621.4907677,24.63170731707317,44.584146341463416
1756364221.6001458,24.6,45.33658536585366
1756364821.7300537,24.61829268292683,45.89878048780488
1756365421.845269,24.6,46.36951219512195
1756366021.9757686,24.574390243902442,46.706097560975614
1756366622.0877566,24.584146341463416,46.87926829268292
1756367222.2038305,24.569512195121952,47.19390243902439
1756367822.3208396,24.434146341463414,47.951219512195124
1756368422.4378788,24.4,48.53780487804878
1756369022.5537503,24.4,48.80609756097561
1756369622.6868725,24.4,48.97317073170732
1756370222.806105,24.329268292682926,49.13536585365854
1756370822.925462,24.26219512195122,49.28048780487805
1756371423.0339882,24.2,49.391463414634146
1756372023.1554072,24.2,49.44634146341463
1756372629.2624252,24.193902439024388,49.574390243902435
1756373229.3817794,24.117073170731707,49.66707317073171
1756373835.4929848,24.024390243902438,50.09756097560975
1756374435.6106603,23.902439024390244,50.428048780487806
1756375041.7236826,23.871951219512194,50.619512195121956
1756375641.8454537,23.87682926829268,50.78048780487805
1756376247.9660966,23.9,50.81707317073171
1756376848.084412,23.9,50.900000000000006
1756377448.2024837,23.80121951219512,50.96951219512195
1756378048.3497288,23.847560975609756,50.787804878048775
1756378648.4609556,23.75609756097561,50.75609756097561
1756379248.582026,23.758536585365853,50.59146341463415
1756379848.6961367,23.71951219512195,50.49146341463415
1756380448.8149214,23.574390243902442,50.73780487804878
1756381048.9326246,23.61829268292683,50.63902439024391
1756381649.0444708,23.68170731707317,50.78414634146342
1756382249.1642249,23.67560975609756,50.75121951219513
1756382849.287286,23.8,50.420731707317074
1756383449.4034278,23.9,50.22073170731708
1756384049.5249805,23.904878048780485,50.15121951219513
1756384649.6437883,23.960975609756098,49.96829268292682
1756385249.7612038,24.059756097560978,49.79512195121951
1756385849.8773255,24.01707317073171,49.546341463414635
1756386467.9963698,24.281707317073174,49.90853658536585
1756387074.1060772,24.4,50.02926829268292
1756387674.2217617,24.508536585365853,50.1280487804878
1756388274.3390095,24.6,50.20000000000001
1756388874.4570925,24.652439024390244,50.298780487804876
1756389474.5673738,24.87073170731707,50.136585365853655
1756390074.681218,24.964634146341464,49.71341463414634
1756390680.798455,25.082926829268295,49.28780487804878
1756391280.917686,25.117073170731707,48.956097560975614
1756391881.0321712,25.26951219512195,48.517073170731706
1756392481.1460667,25.23170731707317,47.579268292682926
1756393099.2603781,25.200000000000003,45.93536585365853
1756393699.379475,25.21707317073171,45.104878048780485
1756394299.5088568,25.27926829268293,44.484146341463415
1756394929.6337574,25.299999999999997,43.93414634146341
1756395529.7477186,25.341463414634145,43.05121951219512
1756396129.8761394,25.448780487804875,42.40365853658537
1756396729.9952092,25.5,42.107317073170734
1756397330.1126678,25.5609756097561,42.02804878048781
1756397930.2319095,25.51951219512195,41.670731707317074
1756398532.4865203,25.5,41.34268292682927
1756399132.596114,25.552439024390246,40.984146341463415
1756399738.7085714,25.697560975609754,40.65365853658537
1756400338.823915,25.619512195121953,40.25365853658537
1756400938.9347622,25.636585365853662,40.145121951219515
1756401539.0515544,25.600000000000005,39.2390243902439
1756402145.1627007,25.600000000000005,38.7609756097561
1756402757.2737358,25.345121951219515,38.546341463414635
1756403363.3941417,25.398780487804874,38.34756097560975
1756403963.521751,25.42439024390244,38.28414634146341
1756404563.6456544,25.24634146341463,38.197560975609754
1756405163.7678435,25.184146341463414,38.24390243902439
1756405769.8897407,25.221951219512192,38.46707317073171
1756406370.009108,25.386585365853655,38.452439024390245
1756406970.130421,25.318292682926828,38.581707317073175
1756407576.241757,25.108536585365854,39.01219512195122
1756408176.3596914,25.020731707317072,39.323170731707314
1756408776.5091703,25.13170731707317,39.41341463414634
1756409376.626804,25.178048780487803,39.514634146341464
1756409982.7385423,25.200000000000003,39.485365853658536
1756410582.8547149,25.075609756097563,39.26829268292683
1756411182.967212,24.973170731707317,39.650000000000006
1756411783.0945735,24.8,39.80365853658537
1756412383.2119396,24.807317073170733,40.12073170731708
1756412995.344514,24.85609756097561,40.34268292682927
1756413595.4630036,24.781707317073174,40.923170731707316
1756414195.5748458,24.784146341463416,41.63780487804878
1756414801.7008743,24.640243902439025,42.2280487804878
1756415407.8238025,24.648780487804878,42.7609756097561
1756416007.9385955,24.626829268292685,43.952439024390245
1756416608.0597034,24.682926829268293,44.97317073170732
1756417208.17534,24.729268292682928,45.02317073170732
1756417808.2901897,24.758536585365853,45.08658536585366
1756418408.407202,24.889024390243904,45.135365853658534
1756419008.523937,24.81463414634146,45.99756097560976
1756419608.6359081,24.93780487804878,46.51219512195122
1756420208.747225,24.770731707317072,46.65975609756097
1756420808.8625867,24.676829268292682,46.77560975609756
1756421408.976334,24.496341463414634,49.18658536585366
1756422009.0883048,24.380487804878047,50.71951219512195
1756422609.2018323,24.546341463414635,51.176829268292686
1756423209.3218522,24.697560975609758,51.643902439024394
1756423809.4365897,24.873170731707315,51.556097560975616
1756424409.5664535,24.91829268292683,52.08536585365854
1756425009.7206817,25.102439024390247,53.47317073170732
1756425609.8561263,25.153658536585365,54.669512195121946
1756426209.970691,25.24634146341463,54.836585365853665
1756426810.083267,25.259756097560977,56.00487804878048
1756427410.1970146,25.228048780487804,57.25121951219513
1756428010.3128586,25.26463414634146,58.0
1756428610.4332714,25.198780487804875,59.06707317073171
1756429228.5537007,25.079268292682926,59.4780487804878
1756429828.6740186,25.03292682926829,59.8670731707317
1756430428.7934098,25.0,60.34390243902439
1756431028.9126122,25.065853658536586,60.5609756097561
1756431629.0247595,24.942682926829267,60.896341463414636
1756432235.13637,24.819512195121952,61.025609756097566
1756432835.2540467,24.6,60.68048780487805
1756433435.362001,24.391463414634146,61.082926829268295
1756434035.4748585,24.210975609756098,61.18780487804877
1756434635.600352,24.148780487804878,61.77073170731707
1756435247.7194614,24.62317073170732,62.775609756097566
1756435853.8392496,24.69878048780488,63.16829268292683
1756436453.9541545,24.76951219512195,63.3109756097561
1756437066.065654,24.8,63.13780487804878
1756437666.173943,24.81463414634146,62.857317073170734
1756438272.2956097,24.234146341463415,62.90731707317073
1756439259.2609959,24.575609756097563,62.65365853658537
1756439859.3729236,24.713414634146343,62.90487804878049
1756440459.498946,24.76341463414634,63.15243902439025
1756441059.6162183,24.8,63.00487804878048
1756441659.7495377,24.63658536585366,63.413414634146335
1756442259.8642542,24.59390243902439,63.69634146341464
1756442859.9878476,24.514634146341464,63.825609756097556
1756443460.105631,24.458536585365852,63.80121951219512
1756444066.2140427,24.5,63.849999999999994
1756444666.3315306,24.467073170731705,63.79024390243902
1756445266.4520264,24.49390243902439,63.7109756097561
1756445866.5705764,24.451219512195124,63.74756097560976
1756446466.6818776,24.46951219512195,63.68414634146342
1756447066.7917087,24.402439024390244,63.80853658536586
1756447666.909248,24.4,63.765853658536585
1756448267.027594,24.4,63.739024390243905
1756448873.1468062,24.36219512195122,63.79512195121951
1756449473.2608852,24.3,63.87439024390244
1756450091.3847966,24.22073170731707,63.95975609756098
1756450691.4948633,24.160975609756097,63.900000000000006
1756451291.606851,24.1,63.94512195121951
1756451891.7258232,24.1,63.94146341463414
1756452491.8420947,24.096341463414635,63.982926829268294
1756453091.95244,24.03780487804878,64.12682926829268
1756453692.0681932,24.0,64.36463414634147
1756454292.1845975,23.979268292682928,64.45609756097562
1756454892.30789,23.912195121951218,64.57926829268293
1756455492.422013,23.9,64.65121951219511
1756456092.5499518,23.9,64.85243902439024
1756456692.6686664,23.9,64.99146341463415
1756457292.7879126,23.842682926829266,65.27926829268293
1756457892.9084196,23.84390243902439,65.54024390243903
1756458493.02229,23.84512195121951,65.73780487804878
1756459093.1364698,23.8,65.79512195121951
1756459693.2509966,23.8,65.49146341463415
1756460293.3642066,23.8,65.42804878048781
1756460893.4874644,23.796341463414635,65.45365853658537
1756461493.6071749,23.789024390243902,65.49024390243902
1756462093.7277963,23.73780487804878,65.67926829268292
1756462693.847105,23.717073170731705,65.81951219512194
1756463293.9681113,23.7,65.97317073170731
1756463894.0837429,23.7,66.16341463414633
1756464494.209711,23.620731707317074,66.04634146341463
1756465100.32204,23.64268292682927,65.97560975609755
1756465700.4409392,23.601219512195126,66.01097560975609
1756466300.567221,23.6,65.96951219512195
1756466900.680111,23.6,65.96951219512195
1756467500.8047752,23.567073170731707,65.89024390243902
1756468100.9295065,23.521951219512193,65.89390243902439
1756468701.0575526,23.5,65.78170731707317
1756469301.17567,23.5,65.81341463414634
1756469901.296327,23.48170731707317,65.66951219512195
1756470501.4193966,23.4,65.49634146341464
1756471101.5324996,23.465853658536584,65.25487804878048
1756471701.6578643,23.575609756097563,62.99146341463415
1756472307.7676284,23.7,62.58780487804878
1756472907.8855946,23.628048780487806,62.16585365853659
1756473508.008768,23.690243902439022,61.730487804878045
1756474108.126311,23.625609756097564,61.13414634146341
1756474708.2487032,23.76707317073171,60.90731707317073
1756475308.3644392,23.802439024390242,61.113414634146345
1756475908.4793744,23.65609756097561,60.579268292682926
1756476508.5958078,23.6,60.3609756097561
1756477108.7085292,23.5,59.525609756097566
1756477708.8282351,23.66829268292683,59.18536585365853
1756478308.9425352,23.710975609756098,58.87073170731707
1756478909.0604448,23.647560975609757,58.39878048780488
1756479509.1774433,23.7390243902439,57.818292682926824
1756480109.2970443,23.714634146341464,57.19512195121951
1756480715.4136968,23.7,56.52926829268292
1756481315.5247855,23.758536585365853,55.77682926829268
1756481915.637973,23.804878048780488,54.68780487804877
1756482521.758793,23.87073170731707,53.765853658536585
1756483121.869841,23.9,53.27682926829268
1756483721.984091,23.93170731707317,53.13536585365854
1756484328.092167,23.864634146341462,53.298780487804876
1756484928.2139862,23.95,53.080487804878054
1756485528.3250153,23.975609756097562,52.77073170731707
1756486128.4339297,24.0,52.769512195121955
1756486728.5465012,23.958536585365852,52.26829268292683
1756487328.6681607,23.967073170731705,52.10121951219512
1756487928.7840948,23.93658536585366,52.10243902439025
1756488564.9115582,23.997560975609755,51.81707317073171
1756489165.0236506,24.102439024390247,51.15243902439025
1756489765.1441543,24.179268292682927,50.45243902439025
1756490365.2622354,24.228048780487807,50.44878048780488
1756490965.381952,24.2,50.79024390243902
1756491565.9566443,24.203658536585365,50.27804878048781
1756492166.0774322,24.223170731707317,49.918292682926825
1756492766.1912487,24.23780487804878,49.96463414634147
1756493366.3045936,24.2,50.06829268292683
1756493966.4217992,24.120731707317074,49.923170731707316
1756494566.5440695,24.0109756097561,49.13048780487805
1756495166.6558292,24.0,49.07560975609756
1756495772.7795837,24.070731707317076,49.353658536585364
1756496372.8984244,24.041463414634148,49.33658536585366
1756496973.014414,24.0,49.19146341463415
1756497573.139374,24.0,49.16829268292683
1756498173.2615104,24.089024390243903,49.47682926829268
1756498773.3752928,24.1,48.869512195121956
1756499373.494384,24.048780487804876,46.676829268292686
1756499973.6124659,24.06829268292683,46.43414634146341
1756500573.73456,24.190243902439022,46.206097560975614
1756501173.851314,24.259756097560974,46.33048780487805
1756501773.9696245,24.299999999999997,46.13170731707317
1756502374.082213,24.360975609756096,46.49024390243902
1756502974.1974978,24.348780487804877,46.8
1756503574.3207734,24.595121951219515,47.424390243902444
1756504174.4293852,24.64390243902439,46.75243902439024
1756504774.5417285,24.81463414634146,46.606097560975606
1756505374.6668344,24.86951219512195,46.385365853658534
1756505974.7741282,24.663414634146342,46.03292682926829
1756506669.7933855,24.667073170731708,47.02317073170732
1756507269.9062977,24.825609756097563,48.014634146341464
1756507870.0184166,24.647560975609757,50.332926829268295
1756508470.132794,24.6,51.72073170731708
1756509070.253809,24.460975609756098,45.30731707317073
1756509670.3645012,24.351219512195122,45.607317073170734
1756510270.4817355,24.51829268292683,44.12317073170732
1756510870.59116,24.63780487804878,43.12073170731708
1756511470.7100346,24.78048780487805,44.55609756097561
1756512070.821397,24.8,47.517073170731706
1756512670.9411027,24.797560975609755,48.66951219512195
1756513271.0523388,24.523170731707317,48.69268292682927
1756513871.1670232,24.326829268292684,48.5609756097561
1756514471.2818398,24.190243902439022,48.264634146341464
1756515071.3940852,24.68780487804878,50.31463414634147
1756515671.5119371,24.7,51.201219512195124
1756516271.6283295,24.714634146341464,51.44268292682927
1756516871.7377546,24.778048780487804,51.3280487804878
1756517477.8574533,24.753658536585366,50.01829268292683
1756518077.9730153,24.839024390243903,49.20487804878049
1756518678.0921073,24.798780487804876,49.72317073170732
1756519284.2099707,24.86341463414634,49.356097560975606
1756519884.3304925,24.771951219512193,49.858536585365854
1756520484.4458828,24.7609756097561,49.22073170731707
1756521084.558209,24.7,47.98170731707317
1756521684.6687865,24.723170731707317,48.83048780487805
1756522284.791628,24.75121951219512,49.16951219512195
1756522884.9021301,24.753658536585366,49.49024390243902
1756523485.015177,24.8,49.46707317073171
1756524085.1325989,24.60731707317073,50.00853658536585
1756524685.2443678,24.460975609756098,50.08902439024391
1756525285.361306,24.456097560975607,50.482926829268294
1756525885.480888,24.43658536585366,50.29024390243902
1756526485.5916202,24.34512195121951,50.64878048780488
1756527085.7141166,24.335365853658537,50.58536585365854
1756527685.831101,24.21951219512195,50.33414634146341
1756528285.9512374,24.182926829268293,50.81341463414634
1756528886.0675972,24.1,51.293902439024386
1756529492.1849806,23.909756097560976,51.36585365853659
1756530092.299842,23.848780487804877,51.63170731707317
1756530692.4328728,23.8,52.00121951219513
1756531292.5446103,23.714634146341464,52.46707317073171
1756531898.6632876,23.71951219512195,52.87560975609756
1756532504.7877643,23.670731707317074,53.24878048780487
1756533110.9014096,23.6,53.55731707317073
1756533711.0104954,23.570731707317076,53.769512195121955
1756534311.1279123,23.473170731707317,53.91463414634146
1756534911.2370365,23.4,53.984146341463415
1756535511.3562305,23.4,54.2109756097561
1756536111.4737782,23.36951219512195,54.50853658536585
1756536711.5864825,23.302439024390242,54.84634146341463
1756537311.6943305,23.275609756097563,55.239024390243905
1756537911.814807,23.174390243902437,55.50487804878048
1756538511.9339383,23.096341463414635,55.670731707317074
1756539112.0520995,23.1,56.079268292682926
1756539712.164799,23.1,56.52682926829268
1756540318.2892506,23.048780487804876,56.63536585365854
1756540918.403598,22.9390243902439,56.693902439024384
1756541518.5124133,22.9,56.81951219512195
1756542118.628835,22.84512195121951,56.825609756097556
1756542718.7938452,22.8,56.79390243902439
1756543318.9127223,22.781707317073174,56.913414634146335
1756543919.0232086,22.747560975609755,57.03658536585366
1756544519.1389716,22.665853658536584,57.19146341463414
1756545119.251459,22.679268292682927,57.41097560975609
1756545719.3612032,22.6,57.84390243902439
1756546319.4813714,22.525609756097563,57.94634146341464
1756546919.6175628,22.540243902439023,57.896341463414636
1756547519.7287374,22.502439024390245,57.94634146341464
1756548119.843954,22.4,58.10243902439025
1756548719.9614515,22.4,58.18048780487805
1756549320.0691478,22.3,58.27804878048781
1756549920.1879022,22.28780487804878,58.269512195121955
1756550526.3000839,22.224390243902437,58.37439024390244
1756551126.4165592,22.3,58.382926829268285
1756551726.541304,22.210975609756098,58.46829268292682
1756552326.6555536,22.165853658536584,58.708536585365856
1756552926.7751713,22.174390243902437,58.869512195121956
1756553526.892444,22.2,58.928048780487806
1756554127.0037773,22.24878048780488,59.02804878048781
1756554727.116628,22.30121951219512,58.94024390243903
1756558043.2439382,23.009756097560974,61.39512195121951
1756558649.3609853,23.16829268292683,62.56341463414634
1756559456.258632,23.373170731707315,62.380487804878044
1756560074.3831542,22.95609756097561,57.31219512195123
1756560674.4933367,22.463414634146343,54.69268292682927
1756561280.6049356,22.447560975609758,54.09878048780488
1756561880.727681,22.752439024390245,53.678048780487806
1756562480.836975,22.690243902439025,55.70243902439025
1756563080.9496071,22.9,55.94024390243903
1756563681.068397,22.934146341463414,56.0390243902439
1756564281.1787963,22.928048780487803,55.12560975609756
1756564881.2873366,22.946341463414633,55.09268292682927
1756565493.3989782,23.046341463414635,54.193902439024384
1756566093.5144303,23.0609756097561,53.62317073170732
1756566693.626894,23.10609756097561,52.9390243902439
1756567293.7393649,23.214634146341464,54.34756097560975
1756567893.8559053,23.298780487804876,52.70609756097561
1756568493.9646204,23.426829268292682,54.32073170731707
1756569687.0644467,24.06219512195122,53.760975609756095
1756570287.1743963,23.992682926829268,51.926829268292686
1756570887.3298366,23.782926829268295,52.208536585365856
1756571487.5272036,23.651219512195123,51.84634146341463
1756572087.643941,23.536585365853657,51.0780487804878
1756572687.7579365,23.592682926829266,50.11463414634146
1756573293.8791406,24.023170731707317,51.33780487804878
1756573893.9952064,24.253658536585366,50.69634146341464
1756574500.1160882,24.290243902439023,49.420731707317074
1756575100.2309074,24.61219512195122,51.22317073170732
1756575700.3609107,24.78780487804878,51.326829268292684
1756576306.483273,24.61219512195122,51.357317073170734
1756576906.6485193,24.76951219512195,52.74390243902439
1756577506.761626,24.885365853658534,53.7109756097561
1756578112.8734171,25.0109756097561,53.49878048780487
1756578718.981684,25.01341463414634,54.18780487804877
1756579319.105625,25.117073170731707,53.599999999999994
1756579919.216147,25.0,54.086585365853665
1756580519.334562,25.0,55.086585365853665
1756581119.443796,25.147560975609753,53.147560975609764
1756581719.563879,25.06341463414634,54.27804878048781
1756582319.6737385,24.758536585365853,54.08902439024391
1756582919.7837095,24.424390243902437,52.11463414634146
1756583519.8973145,24.468292682926826,53.6109756097561
1756584120.020212,24.424390243902437,53.917073170731705
1756584720.128712,24.4890243902439,53.94878048780488
1756585320.2460585,24.62317073170732,50.33414634146341
1756585920.3566558,24.415853658536584,47.267073170731706
1756586520.486986,24.385365853658534,46.42926829268293
1756587138.5971308,24.3,46.04024390243902
1756587738.716079,24.2609756097561,45.50365853658537
1756588338.8279161,24.3,45.25853658536585
1756588938.9470453,24.242682926829268,44.46341463414634
1756589539.0777993,24.171951219512195,44.26951219512195
1756590139.202337,24.196341463414633,44.2890243902439
1756590739.3122993,24.2,44.296341463414635
1756591339.436085,24.2,44.16707317073171
1756591939.5515335,24.2,44.140243902439025
1756592539.6655555,24.12439024390244,43.918292682926825
1756593139.7953038,24.10487804878049,43.9
1756593751.9213536,24.15609756097561,44.0609756097561
1756594352.0385346,24.2,43.65121951219513
1756594952.1695366,24.10487804878049,43.542682926829265
1756595552.2841494,24.1,43.421951219512195
1756596152.394462,24.1,43.40853658536585
1756596752.50478,24.169512195121953,43.619512195121956
1756597352.6241775,24.13658536585366,43.74390243902439
1756597952.7389753,24.132926829268293,43.72682926829268
1756598552.8674626,24.1,43.640243902439025
1756599152.9941506,24.101219512195126,43.77682926829268
1756599753.1172407,24.140243902439025,43.96585365853658
1756600353.2324538,24.128048780487806,44.13414634146341
1756600953.353586,24.1,44.24390243902439
1756601553.473586,24.153658536585365,44.52804878048781
1756602153.5975504,24.35487804878049,45.06219512195122
1756602753.7088494,24.680487804878048,44.97317073170732
1756603353.8331196,24.64512195121951,45.834146341463416
1756603953.9455578,24.88170731707317,45.482926829268294
1756604560.060392,24.898780487804874,45.75121951219512
1756605160.1759963,24.934146341463414,45.80365853658537
1756605760.2960114,25.049999999999997,45.74512195121951
1756606366.4129014,25.134146341463413,45.542682926829265
1756606966.532779,25.100000000000005,45.447560975609754
1756607572.659056,25.156097560975613,45.05365853658537
1756608178.7689404,24.88170731707317,45.31341463414635
1756608784.9010086,24.634146341463413,45.24146341463415
1756609385.0160248,24.657317073170734,47.06829268292683
1756609991.1354358,24.99634146341463,48.68536585365853
1756610591.2607574,25.100000000000005,48.140243902439025
1756611191.3769622,25.181707317073172,48.087804878048786
1756611791.4892728,25.19268292682927,48.16829268292683
1756612391.6002254,25.200000000000003,47.99146341463415
1756612991.7175207,25.106097560975613,48.55121951219512
1756613591.8282218,25.049999999999997,49.09390243902439
1756614191.9417906,25.106097560975613,49.639024390243904
1756614792.05811,25.092682926829266,50.01341463414634
1756615392.1807997,25.181707317073172,50.27926829268292
1756615992.2960827,25.067073170731707,50.05365853658536
1756616592.4277058,25.049999999999997,49.732926829268294
1756617192.5429673,25.008536585365853,50.37317073170732
1756617792.655981,25.035365853658536,50.667073170731705
1756618392.7811625,24.99512195121951,50.96463414634147
1756618992.8907187,24.525609756097563,52.0219512195122
1756619592.9994485,24.332926829268292,52.44024390243903
1756620193.1139588,24.246341463414634,52.78780487804878
1756620793.2200975,24.180487804878048,53.07073170731707
1756621399.329461,24.113414634146345,53.40853658536585
1756621999.4394417,24.05121951219512,54.02073170731707
1756622599.5461674,23.947560975609758,54.302439024390246
1756623199.6572225,23.83170731707317,54.484146341463415
1756623799.7677612,23.8,54.4780487804878
1756624399.8791175,23.8,54.46585365853658
1756624999.986187,23.73658536585366,54.4780487804878
1756625600.1097019,23.662195121951218,54.443902439024384
1756626212.226908,23.557317073170733,54.50121951219513
1756626818.3368876,23.49390243902439,54.4780487804878
1756627430.4436212,23.484146341463415,54.474390243902434
1756628030.5501652,23.55,54.4219512195122
1756628630.6647584,23.5,54.75853658536585
1756629230.770431,23.5,54.99634146341463
1756629830.8807912,23.434146341463414,55.28536585365853
1756630430.9926023,23.321951219512197,55.54756097560975
1756631031.1096978,23.3,55.43658536585366
1756631631.223021,23.3,55.25
1756632243.333002,23.184146341463414,55.37073170731707
1756632843.4557984,22.965853658536584,55.58902439024391
1756633443.5668213,22.991463414634147,55.265853658536585
1756634043.682635,23.0,55.09512195121951
1756634643.8007846,23.0,55.02804878048781
1756635243.9146683,22.9890243902439,55.01341463414634
1756635844.036691,22.721951219512196,55.525609756097566
1756636444.162413,22.5,55.75609756097561
1756637044.2785764,22.48658536585366,55.46707317073171
1756637644.3961596,22.463414634146343,55.47195121951219
1756638244.506083,22.447560975609758,55.27804878048781
1756638844.614908,22.595121951219515,55.00853658536585
1756639444.7343295,22.65487804878049,54.97682926829269
1756640044.8478055,22.6,55.07073170731707
1756640644.9638443,22.674390243902437,55.00365853658537
1756641245.0721352,22.7,55.050000000000004
1756641845.186694,22.58658536585366,55.40609756097561
1756642451.3018725,22.615853658536587,55.30121951219512
1756643069.4173598,22.700000000000003,54.79756097560975
1756643669.5271492,22.41951219512195,56.080487804878054
1756644269.6421337,22.36951219512195,55.176829268292686
1756644869.7515254,22.556097560975612,56.21219512195122
1756645469.8665051,22.710975609756098,56.47073170731708
1756646070.0383046,22.8,55.957317073170735
1756646670.156131,23.14512195121951,55.37317073170732
1756647270.2801075,23.546341463414635,55.4780487804878
1756647870.3899677,23.639024390243904,55.71585365853658
1756648470.5081303,23.35853658536585,51.79024390243902
1756649070.6234875,23.320731707317073,50.892682926829266
1756649670.736334,23.48048780487805,49.90121951219513
1756650282.8572795,23.430487804878048,50.13780487804878
1756650882.971825,23.664634146341463,50.44878048780488
1756651483.0860784,23.66829268292683,50.393902439024394
1756652083.2009118,23.693902439024388,50.15975609756098
1756652683.3177645,23.50487804878049,50.53048780487805
1756653283.4296136,23.692682926829267,51.30121951219512
1756653883.5404353,24.01341463414634,51.37073170731707
1756654483.6531312,24.2,51.99512195121952
1756655083.771024,24.264634146341464,51.5780487804878
1756655683.8831346,24.45731707317073,50.88780487804878
1756656284.0019808,24.64268292682927,50.582926829268295
1756656884.1197278,24.85731707317073,50.93170731707317
1756657484.239499,24.808536585365854,47.63414634146341
1756658084.346904,24.8890243902439,46.079268292682926
1756658684.4634926,24.98170731707317,45.72439024390244
1756659284.5881193,25.0609756097561,45.65975609756097
1756659884.7071798,25.21707317073171,46.77560975609756
1756660484.8210359,25.212195121951222,46.292682926829265
1756661090.9404864,25.378048780487806,46.886585365853655
1756661691.04927,25.346341463414635,46.87439024390244
1756662291.1845477,25.47073170731707,47.05365853658537
1756662891.3022604,25.18658536585366,45.30365853658537
1756663503.416827,24.954878048780486,44.206097560975614
1756664103.5277104,24.678048780487806,41.8780487804878
1756664703.647838,24.690243902439022,42.047560975609755
1756665303.7557652,24.6,41.75
1756665903.8702705,24.728048780487807,43.11707317073171
1756666503.9843767,24.79268292682927,43.81707317073171
1756667104.1022456,24.68780487804878,42.71219512195122
1756667704.2199142,24.7,42.96829268292683
1756668304.3371038,24.67560975609756,42.77926829268293
1756668904.4487126,24.684146341463414,43.3109756097561
1756669504.5588975,24.695121951219512,43.084146341463416
1756670104.6748168,24.7,43.09756097560975
1756670704.7884855,24.7,43.334146341463416
1756671304.9007783,24.753658536585366,43.6890243902439
1756671905.018995,25.0109756097561,42.325609756097556
1756672505.144848,25.102439024390247,40.917073170731705
1756673105.2699347,25.185365853658535,40.91219512195122
1756673705.3834465,25.200000000000003,41.175609756097565
1756674305.5037653,25.27682926829268,41.38414634146341
1756674905.619336,24.87439024390244,40.47682926829268
1756675505.7317934,24.68536585365854,39.33658536585366
1756676105.8445227,24.632926829268293,39.64146341463415
1756676705.9561503,24.646341463414632,40.02439024390244
1756677306.0659196,24.6,39.76951219512195
1756677906.183126,24.591463414634145,39.55609756097561
1756678506.2958775,24.5,39.08902439024391
1756679106.4137454,24.5,39.09268292682927
1756679706.528459,24.5,38.42926829268293
1756680306.6453238,24.5,39.042682926829265
1756680912.7764406,24.471951219512196,38.02926829268293
1756681512.894916,24.4,37.614634146341466
1756682125.0100427,24.4,37.457317073170735
1756682725.1398342,24.4,37.545121951219514
1756683331.2538364,24.3109756097561,37.360975609756096
1756683931.3694282,24.302439024390242,37.63170731707317
1756684531.4883292,24.39512195121951,38.18292682926829
1756685131.6061099,24.4,38.95487804878049
1756685731.722502,24.4,39.630487804878044
1756686337.8449762,24.4,39.982926829268294
1756686937.959012,24.4,40.51829268292683
1756687538.075482,24.4,41.00731707317073
1756688138.1965678,24.378048780487806,41.43170731707317
1756688738.3132222,24.39390243902439,41.8
1756689338.4303668,24.352439024390243,42.15243902439025
1756689938.5469213,24.33170731707317,42.33658536585366
1756690538.6607585,24.329268292682926,42.53048780487805
1756691138.7761512,24.695121951219512,43.55121951219512
1756691738.8975356,24.960975609756098,43.59512195121951
1756692339.0160387,25.084146341463416,43.673170731707316
1756692939.1305435,25.10487804878049,43.824390243902435
1756693539.255453,25.126829268292685,44.09146341463415
1756694139.3734388,25.101219512195126,44.13048780487805
1756694739.5046642,25.142682926829266,44.456097560975614
1756695339.6238053,25.168292682926833,44.75
1756695939.739485,25.170731707317074,45.081707317073175
1756696539.8553455,25.190243902439022,45.31707317073171
1756697139.9678612,25.299999999999997,45.4780487804878
1756697752.0880647,25.27926829268293,45.78170731707317
1756698358.2093942,24.896341463414632,46.956097560975614
1756698958.353388,24.8,47.69390243902439
1756699564.4759727,24.75,48.22195121951219
1756700164.5946455,24.967073170731705,49.94146341463414
1756700764.7119036,25.23658536585366,50.08902439024391
1756701364.8233125,25.35609756097561,50.353658536585364
1756701977.0212307,25.417073170731705,51.43048780487805
1756702577.1345809,25.102439024390247,52.32073170731707
1756703177.243377,24.81829268292683,53.71951219512195
1756703777.3575685,24.73170731707317,54.24634146341463
1756704377.4760814,24.584146341463416,54.66585365853659
1756704977.591923,24.440243902439022,54.91097560975609
1756705583.7094483,24.320731707317073,55.03780487804878
1756706183.8226278,24.4,55.13780487804878
1756706783.9370866,24.34390243902439,55.3109756097561
1756707384.051622,24.4,55.47926829268293
1756707984.162666,24.31463414634146,55.69512195121951
1756708584.272995,24.334146341463416,55.798780487804876
1756709184.3904526,24.4,55.8280487804878
1756709784.5022237,24.4,55.863414634146345
1756710390.6216328,24.360975609756096,55.93048780487805
1756710990.7394927,24.284146341463416,56.33414634146341
1756711602.858493,24.28780487804878,56.62317073170732
1756712202.973473,24.289024390243902,56.79999999999999
1756712803.0896297,24.224390243902437,56.97073170731708
1756713403.2028794,24.18536585365854,56.923170731707316
1756714003.3184068,24.073170731707318,57.119512195121956
1756714603.4380555,24.0,57.150000000000006
1756715203.5561733,23.99878048780488,57.18780487804879
1756715821.6718092,23.9,57.15609756097561
1756716421.790571,23.82439024390244,57.170731707317074
1756717021.9006865,23.859756097560975,57.12073170731708
1756717622.0092297,23.8,57.203658536585365
1756718222.128007,23.789024390243902,57.27804878048781
1756718822.248715,23.7,57.419512195121946
1756719422.3628998,23.676829268292682,57.33414634146341
1756720022.480541,23.6,57.46951219512195
1756720622.5941815,23.6,57.681707317073176
1756721228.709984,23.51219512195122,57.89878048780488
1756721828.825659,23.374390243902436,58.086585365853665
1756722428.9342406,23.384146341463413,57.99634146341463
1756723035.047909,23.367073170731707,58.03414634146342
1756723635.1672916,23.3,58.03048780487805
1756724235.2845147,23.3,57.94512195121951
1756724835.3924356,23.235365853658536,57.99512195121952
1756725441.507586,23.2,58.203658536585365
1756726041.6226604,23.2,58.45609756097561
1756726641.7345612,23.2,58.6329268292683
1756727241.852325,23.153658536585365,58.80975609756097
1756727847.963545,23.115853658536587,58.63170731707317
1756728448.0951989,23.2,58.5609756097561
1756729048.20742,23.2,58.66097560975609
1756729648.3265562,23.246341463414634,58.72926829268293
1756730248.4511943,23.3,58.90243902439025
1756730848.564269,23.341463414634145,59.25365853658537
1756731448.6758132,23.4,59.58780487804878
1756732054.7860346,23.484146341463415,59.83414634146341
1756732654.904145,23.557317073170733,60.06463414634147
1756733255.020002,23.6,60.25487804878048
1756733855.1372435,23.6,60.380487804878044
1756734455.2545946,23.68658536585366,60.69146341463414
1756735055.3672886,23.713414634146343,61.18048780487805
1756735655.4796474,23.81219512195122,61.579268292682926
1756736255.5965157,23.95,62.29390243902439
1756736855.7128248,24.0,62.390243902439025
1756737455.8190362,24.1,62.19634146341464
1756738055.932888,24.114634146341466,62.00121951219513
1756738656.0441208,24.274390243902438,62.06463414634147
1756739256.1625717,24.3,62.08902439024391
1756739862.2841725,24.347560975609756,61.893902439024394
1756740462.4006643,24.51219512195122,61.89146341463415
1756741062.5107818,24.548780487804876,56.75731707317074
1756741662.6351178,24.553658536585367,53.43780487804877
1756742262.757574,24.55,51.760975609756095
1756742862.8852153,24.5,50.43048780487805
1756743462.9977188,24.6,50.18292682926829
1756744063.115019,24.892682926829266,48.81585365853659
1756744663.2390895,25.128048780487806,47.048780487804876
1756745263.3511906,25.215853658536584,49.66951219512195
1756745863.4671302,25.200000000000003,50.9780487804878
1756746463.5831742,25.198780487804875,51.0609756097561
1756747063.7004561,25.152439024390244,50.48170731707317
1756747663.821557,25.18536585365854,48.21219512195122
1756748263.938686,25.380487804878047,48.34024390243903
1756748864.059163,25.357317073170734,47.09024390243903
1756749464.1760535,25.49390243902439,47.208536585365856
1756750064.2904353,25.471951219512192,45.05487804878049
1756750664.3990211,25.600000000000005,42.83170731707317
1756751264.5131998,25.575609756097563,42.05975609756098
1756751864.620442,25.589024390243903,41.48658536585366
1756752464.7276342,25.50365853658537,40.71463414634146
1756753064.841343,25.601219512195126,40.46341463414634
1756753664.9504633,25.593902439024394,40.58536585365854
1756754265.0640757,25.596341463414635,40.118292682926835
1756754877.1824286,25.587804878048782,39.7890243902439
1756755477.288486,25.587804878048782,38.834146341463416
1756756077.4007545,25.591463414634145,39.880487804878044
1756756677.5117984,25.568292682926828,39.420731707317074
1756757277.624387,25.524390243902438,39.043902439024386
1756757877.7375202,25.592682926829266,39.328048780487805
1756758477.8522418,25.341463414634145,40.24634146341464
1756759077.961242,25.299999999999997,40.36829268292683
1756759684.0781064,25.221951219512192,40.99024390243902
1756760284.1942105,25.200000000000003,41.041463414634144
1756760884.3145647,25.176829268292682,41.97439024390244
1756761484.4268343,25.634146341463413,43.75975609756098
1756762090.5354025,25.919512195121953,45.171951219512195
1756762690.6496286,26.064634146341465,46.27317073170732
1756763290.7684574,26.05731707317073,45.30853658536586
1756763890.8828948,25.931707317073172,42.26341463414634
1756764491.035319,25.991463414634147,43.09634146341463
1756765091.1459596,26.0,43.62682926829268
1756765691.2865896,26.100000000000005,43.74390243902439
1756766291.3937984,26.173170731707316,43.890243902439025
1756766891.5118597,26.17439024390244,43.2280487804878
1756767491.6279511,26.203658536585365,43.19146341463414
1756768091.749606,26.18048780487805,43.93780487804878
1756768691.8600063,26.184146341463414,44.25731707317073
1756769309.9719417,26.18536585365854,44.44024390243902
1756769910.08465,25.99756097560976,45.96829268292683
1756770510.2057703,26.01219512195122,46.83170731707317
1756771110.322075,25.99390243902439,47.4609756097561
1756771710.4377913,26.0,47.76341463414634
1756772310.5465462,25.952439024390245,48.145121951219515
1756772910.6542485,25.880487804878047,48.5609756097561
1756773510.7664292,25.74512195121951,48.14756097560976
1756774110.8853765,25.409756097560976,46.50731707317073
1756774711.0017262,25.299999999999997,45.78658536585366
1756775311.120884,25.610975609756096,50.37439024390244
1756775917.234224,25.828048780487805,49.71219512195122
1756776517.3438003,25.889024390243904,49.00975609756098
1756777117.4575906,25.758536585365853,48.77560975609756
1756777717.5789587,25.68658536585366,48.834146341463416
1756778317.6956499,25.700000000000003,48.92926829268293
1756778917.8407245,25.581707317073167,48.91097560975609
1756779517.9511545,25.540243902439027,48.886585365853655
1756780118.0853233,25.612195121951217,48.74268292682927
1756780718.193006,25.897560975609753,48.849999999999994
1756781318.326124,25.899999999999995,49.17317073170732
1756781918.4332898,25.899999999999995,49.447560975609754
1756782518.5702822,25.857317073170734,49.71707317073171
1756783124.6838348,25.881707317073168,49.985365853658536
1756783724.8064537,25.875609756097557,50.175609756097565
1756784324.9160252,25.840243902439024,50.31951219512195
1756784925.052941,25.54390243902439,50.802439024390246
1756785525.1654239,25.682926829268293,51.22926829268293
1756786125.2978601,25.48536585365854,51.93780487804877
1756786731.411717,25.399999999999995,53.05121951219512
1756787337.5565214,25.390243902439025,53.732926829268294
1756787937.6748137,25.299999999999997,54.329268292682926
1756788537.7960262,25.299999999999997,54.825609756097556
1756789137.911461,25.299999999999997,55.33414634146341
1756789738.0506597,25.299999999999997,55.78658536585366
1756790338.167121,25.299999999999997,56.323170731707314
1756790938.3106122,25.298780487804876,56.80853658536586
1756791538.42231,25.25121951219512,57.10853658536586
1756792138.5454295,25.27926829268293,57.38414634146341
1756792738.6727304,25.299999999999997,57.697560975609754
1756793338.8034775,25.363414634146345,57.55365853658536
1756793938.9206617,25.596341463414635,57.09634146341464
1756794539.0482564,25.602439024390247,57.175609756097565
1756795139.1578722,25.620731707317074,57.3060975609756
1756795739.2757196,25.600000000000005,57.400000000000006
1756796339.3889558,25.600000000000005,57.40243902439025
1756796939.519367,25.639024390243904,57.31341463414634
1756797539.634529,25.648780487804874,57.60853658536586
1756798139.76668,25.607317073170734,57.8060975609756
1756798739.8832376,25.5609756097561,58.056097560975616
1756799340.0179846,25.26829268292683,58.90121951219512
1756799940.1313758,25.089024390243903,59.22560975609756
1756800540.2577732,24.956097560975607,59.457317073170735
1756801140.369125,24.851219512195122,59.66097560975609
1756801740.4917083,24.8,59.93658536585366
1756802340.6086442,24.8,60.3109756097561
1756802940.7306025,24.728048780487807,60.489024390243905
1756803540.8622057,24.7,60.61219512195122
1756804140.9964125,24.619512195121953,60.90853658536585
1756804741.1119866,24.6,61.15609756097561
1756805341.256868,24.6,61.43414634146342
1756805941.372202,24.523170731707317,61.72926829268293
1756806541.5022168,24.51707317073171,61.83414634146341
1756807141.6187882,24.479268292682928,62.25
1756807741.7534158,24.402439024390244,62.51219512195122
1756808341.8599792,24.4,62.556097560975616
1756808941.9940093,24.4,62.5390243902439
1756809542.1108394,24.39390243902439,62.678048780487806
1756810142.2471542,24.37073170731707,62.85853658536585
1756810742.3841848,24.36829268292683,62.83536585365854
1756811342.520791,24.32439024390244,63.048780487804876
1756811942.6362364,24.3,63.28048780487805
1756812542.7632139,24.24512195121951,63.62317073170732
1756813142.8738592,24.2,63.77804878048781
1756813743.0044556,24.2,63.821951219512194
1756814343.1234806,24.21951219512195,63.849999999999994
1756814943.2581632,24.3,63.69024390243903
1756815543.3705027,24.304878048780488,63.70243902439025
1756816143.5011666,24.35487804878049,63.80731707317073
1756816743.6169977,24.31829268292683,63.96585365853658
1756817343.7478971,24.36951219512195,64.09268292682926
1756817943.867039,24.3,64.0951219512195
1756818544.0037758,24.36829268292683,64.16951219512195
1756819144.1178281,24.4,64.2329268292683
1756819744.2503688,24.4,64.51829268292683
1756820344.375504,24.4,64.8170731707317
1756820944.4992356,24.492682926829268,65.14878048780487
1756821544.6110313,24.502439024390245,65.14878048780487
1756822144.7464564,24.615853658536587,65.22560975609755
1756822744.8556175,24.7,65.10365853658537
1756823344.9885747,24.784146341463416,64.87439024390245
1756823945.1010308,24.8890243902439,64.82195121951219
1756824545.2265918,24.99634146341463,64.74024390243902
1756825145.3486085,25.00487804878049,60.87439024390244
1756825745.4816124,25.160975609756097,54.66097560975609
1756826345.5903716,25.26829268292683,53.291463414634144
1756826945.7119625,25.431707317073172,52.65975609756098
1756827557.8322272,25.369512195121953,51.453658536585365
1756828157.9633698,25.528048780487808,51.43414634146342
1756828758.0687265,25.700000000000003,50.64878048780488
1756829358.2142675,25.820731707317076,48.453658536585365
1756829958.3345616,25.54268292682927,48.04512195121951
1756830558.455574,25.521951219512196,48.14756097560976
1756831158.58029,25.578048780487805,47.93414634146341
1756831764.7184863,25.451219512195124,47.834146341463416
1756832364.8305686,25.399999999999995,46.61219512195122
1756832964.9649057,25.51829268292683,46.12682926829268
1756833565.0786588,25.81951219512195,46.05
1756834171.2029247,25.48780487804878,45.676829268292686
1756834771.321914,25.403658536585365,45.548780487804876
1756835371.4541984,25.323170731707318,45.898780487804885
1756835971.5645506,25.299999999999997,46.25487804878049
1756836571.6980977,25.215853658536584,46.28170731707317
1756837171.8136816,25.200000000000003,46.24512195121951
1756837771.9460087,25.241463414634147,46.014634146341464
1756838372.0768695,25.13048780487805,45.12926829268292
1756838972.2108884,25.01707317073171,44.17317073170732
1756839572.3210535,25.0,43.93536585365853
1756840172.4483373,25.092682926829266,44.55
1756840772.5635173,25.100000000000005,45.02926829268293
1756841372.6844146,25.100000000000005,45.165853658536584
1756841978.803458,25.126829268292685,45.05487804878049
1756842578.9367998,25.135365853658534,44.66463414634146
1756843185.0533576,25.424390243902437,46.02560975609756
1756843785.1985412,25.67439024390244,45.30853658536586
1756844385.3050246,25.770731707317072,44.92926829268293
1756844985.4377968,25.75609756097561,43.11219512195122
1756845585.5496411,25.799999999999997,42.52073170731707
1756846185.6813955,25.80731707317073,42.16829268292683
1756846791.7930062,25.804878048780488,42.77073170731707
1756847391.9203613,25.914634146341463,43.66829268292683
1756847992.0367222,26.041463414634148,43.95975609756098
1756848592.1562893,25.952439024390245,43.21341463414634
1756849192.2832425,26.028048780487808,43.38414634146341
1756849792.4104753,26.109756097560975,42.72439024390244
1756850392.5257292,26.158536585365855,42.832926829268295
1756850992.6687138,26.158536585365855,42.75609756097561
1756851598.7776577,26.020731707317072,42.90121951219513
1756852198.9014523,25.72073170731707,42.50731707317073
1756852799.0160418,25.636585365853662,43.69268292682927
1756853399.1732728,25.69390243902439,44.39390243902439
1756853999.2918923,25.896341463414632,44.01219512195122
1756854605.4342103,25.73780487804878,43.67926829268293
1756855205.5482516,25.874390243902436,44.079268292682926
1756855805.6731443,26.257317073170732,43.75609756097561
1756856405.7860224,26.32560975609756,44.27439024390244
1756857005.9130433,26.3109756097561,44.58536585365854
1756857606.0235436,26.339024390243903,44.707317073170735
1756858206.172243,26.374390243902436,44.53292682926829
1756858806.282713,26.299999999999997,44.735365853658536
1756859412.4047778,26.26951219512195,45.18170731707317
1756860012.5349078,26.2109756097561,45.849999999999994
1756860612.6575773,26.201219512195124,46.22926829268293
1756861212.7705877,26.13170731707317,46.82073170731707
1756861812.90528,26.21829268292683,46.87439024390244
1756862413.0153537,25.836585365853658,47.895121951219515
1756863019.1442544,25.725609756097562,48.49634146341463
1756863619.2610104,25.858536585365854,51.19268292682927
1756864219.3817647,26.17560975609756,52.74634146341463
1756864819.4932117,26.2390243902439,52.68292682926829
1756865419.6194143,26.24878048780488,52.93780487804877
1756866019.727857,26.200000000000003,53.143902439024394
1756866619.8585458,26.107317073170734,52.724390243902434
1756867219.9694972,26.181707317073172,52.08170731707317
1756867820.097644,26.141463414634146,52.13170731707317
1756868420.2038755,26.03292682926829,52.18292682926829
1756869020.3351197,26.075609756097563,52.16341463414635
1756869620.4457345,26.075609756097563,52.13414634146341
1756870220.5639136,26.040243902439027,52.09756097560975
1756870820.6759198,25.784146341463416,52.81585365853658
1756871420.8016825,25.601219512195126,54.30365853658536
1756872020.9103544,25.5,55.1390243902439
1756872621.0424273,25.48536585365854,55.56219512195123
1756873221.1569538,25.53292682926829,55.57439024390244
1756873821.308029,25.418292682926825,55.857317073170734
1756874421.417937,25.398780487804874,56.20609756097561
1756875021.5461462,25.44390243902439,56.56707317073171
1756875621.657061,25.545121951219514,57.06951219512195
1756876221.7767098,25.584146341463416,57.650000000000006
1756876821.8857377,25.564634146341465,57.97195121951219
1756877422.0076756,25.5,58.323170731707314
1756878022.121436,25.452439024390245,58.74390243902439
1756878640.2537088,25.399999999999995,59.05365853658536
1756879240.3681636,25.398780487804874,59.50121951219513
1756879840.4916704,25.299999999999997,59.90853658536585
1756880446.6088998,25.299999999999997,60.292682926829265
1756881046.7417355,25.299999999999997,60.61585365853659
1756881652.8542376,25.2109756097561,61.06829268292683
1756882252.985986,25.200000000000003,61.33902439024391
1756882853.1137736,25.154878048780485,61.34756097560975
1756883453.2418954,25.100000000000005,61.40487804878049
1756884053.3545072,25.100000000000005,61.34756097560975
1756884653.4878354,25.01585365853659,61.767073170731706
1756885253.601946,25.0,62.04512195121951
1756885865.722029,24.98170731707317,62.12926829268293
1756886465.8292174,24.952439024390245,62.349999999999994
1756887065.959135,24.93658536585366,62.5
1756887666.0721946,24.967073170731705,62.63536585365854
1756888266.2043705,24.946341463414633,62.52804878048781
1756888878.3195415,24.89512195121951,62.50731707317074
1756889478.452958,24.78780487804878,62.72317073170732
1756890084.5645344,24.8,62.863414634146345
1756890684.6872003,24.723170731707317,62.791463414634144
1756891284.797684,24.7,62.8719512195122
1756891884.9259477,24.646341463414632,62.923170731707316
1756892485.04017,24.602439024390247,62.97560975609756
1756893085.1661248,24.6,63.056097560975616
1756893685.2845519,24.5,63.26829268292683
1756894285.4163985,24.5,63.39756097560975
1756894885.5574725,24.5,63.47560975609756
1756895491.6871116,24.5,63.363414634146345
1756896091.8163168,24.459756097560977,63.44146341463414
1756896691.9515042,24.4,63.54390243902439
1756897292.0634096,24.31829268292683,63.703658536585365
1756897892.2000992,24.306097560975612,63.74512195121952
1756898492.3095212,24.43780487804878,63.68780487804877
1756899092.4320946,24.4,63.72073170731708
1756899692.5619535,24.460975609756098,63.6280487804878
1756900292.6852217,24.40121951219512,63.83658536585365
1756900892.7969077,24.5,63.80487804878049
1756901510.9486878,24.432926829268293,63.8060975609756
1756902111.0596297,24.403658536585365,63.71829268292684
1756902717.1992323,24.447560975609758,63.892682926829266
1756903317.326547,24.557317073170733,63.33536585365854
1756903917.449323,24.56219512195122,60.0780487804878
1756904517.5630903,24.24390243902439,58.43536585365853
1756905117.6959875,24.096341463414635,57.428048780487806
1756905717.809939,24.165853658536584,57.050000000000004
1756906317.9329531,23.93658536585366,56.075609756097556
1756906919.5245194,23.924390243902437,55.43048780487805
1756907519.666088,23.985365853658536,54.8719512195122
1756908119.7818193,24.19878048780488,54.60853658536585
1756908719.9195695,24.328048780487805,54.30487804878049
1756909320.0269034,24.210975609756098,53.66585365853659
1756909920.1475396,24.15609756097561,53.140243902439025
1756910520.2623427,24.464634146341464,53.25609756097561
1756911120.380264,24.653658536585365,53.12073170731707
1756911720.488515,24.6890243902439,52.96219512195122
1756912320.6309447,24.930487804878048,52.480487804878045
1756912920.7448888,25.049999999999997,51.586585365853665
1756913520.8742597,25.195121951219512,51.55487804878049
1756914120.9933207,25.32439024390244,50.87560975609756
1756914721.1269245,25.4890243902439,50.37439024390244
1756915321.2482796,25.635365853658534,49.62317073170732
1756915921.3717878,25.79390243902439,49.44268292682927
1756916521.485448,25.700000000000003,51.53658536585366
1756917121.6063144,25.715853658536584,52.06463414634147
1756917721.7195191,25.76585365853659,51.734146341463415
1756918321.8514423,25.799999999999997,51.947560975609754
1756918921.9733722,25.882926829268293,52.167073170731705
1756919522.090365,25.99756097560976,52.39756097560975
1756920122.197308,26.0,52.94512195121951
1756920722.3293526,26.109756097560975,53.21585365853658
1756921322.4403238,26.146341463414632,53.457317073170735
1756921934.5640233,26.200000000000003,53.674390243902444
1756922534.6779768,26.375609756097564,52.22560975609756
1756923140.8090386,26.584146341463416,50.6219512195122
1756923740.9232056,26.823170731707318,49.49390243902439
1756924341.0544825,26.785365853658536,49.93292682926829
1756924941.1653163,26.874390243902436,49.94878048780488
1756925541.2952502,26.892682926829266,49.74268292682927
1756926141.4038205,26.839024390243903,49.925609756097565
1756926741.5271363,26.858536585365854,49.765853658536585
1756927341.6425755,26.93780487804878,49.77926829268293
1756927941.7687516,26.902439024390244,49.834146341463416
1756928541.8784304,26.96829268292683,48.1890243902439
1756929142.010583,26.9890243902439,47.267073170731706
1756929742.121751,26.953658536585365,47.071951219512194
1756930342.2508426,26.89390243902439,46.77926829268293
1756930942.3670495,27.01707317073171,46.334146341463416
1756931542.4970033,27.007317073170732,46.135365853658534
1756932142.6161697,26.9890243902439,45.94146341463414
1756932742.7380683,27.2109756097561,45.55
1756933342.850937,27.202439024390245,45.91341463414634
1756933942.9785426,27.200000000000003,45.84268292682927
1756934549.0941844,27.123170731707315,46.65487804878049
1756935149.2277846,27.03292682926829,46.85731707317073
1756935749.3418975,27.034146341463416,47.041463414634144
1756936349.488717,27.110975609756096,47.58780487804878
1756936949.5999537,27.21829268292683,47.9390243902439
1756937549.732091,27.18658536585366,49.45
1756938149.8445113,27.028048780487808,51.985365853658536
1756938755.972303,27.049999999999997,53.892682926829266
1756939356.088982,27.17317073170732,54.43780487804879
1756939956.2223065,27.423170731707316,54.09878048780488
1756940556.332603,27.5,54.041463414634144
1756941156.4641626,27.5,54.15975609756098
1756941756.5728407,27.346341463414635,54.393902439024394
1756942356.700778,27.5,54.23170731707317
1756942956.8105195,27.331707317073167,53.97926829268293
1756943556.9379163,27.090243902439024,52.93292682926829
1756944157.043953,26.86951219512195,52.856097560975606
1756944757.1782112,26.865853658536587,52.43048780487805
1756945375.2967694,26.906097560975613,52.12317073170732
1756945975.4146376,26.89512195121951,51.890243902439025
1756946575.5404606,27.00121951219512,51.28292682926829
1756947175.6683552,26.914634146341463,51.41829268292683
1756947775.7770257,26.874390243902436,51.8109756097561
1756948375.9011886,26.921951219512195,52.28414634146342
1756948976.0101418,27.009756097560977,52.136585365853655
1756949576.1463852,26.98780487804878,51.81341463414634
1756950176.2582958,26.820731707317076,51.79512195121951
1756950776.3804667,26.81951219512195,51.571951219512194
1756951376.4925175,26.74634146341463,51.867073170731715
1756951976.6167483,26.663414634146342,52.08414634146341
1756952576.7217097,26.700000000000003,51.56219512195123
1756953176.849622,26.658536585365855,51.40731707317073
1756953776.958144,26.600000000000005,51.80853658536586
1756954377.079539,26.584146341463416,52.39512195121951
1756954977.1860933,26.573170731707318,52.39146341463415
1756955583.3173134,26.554878048780488,52.53292682926829
1756956183.4317336,26.52682926829268,52.703658536585365
1756956783.5554414,26.370731707317074,53.21463414634147
1756957383.6698048,26.551219512195125,53.90365853658537
1756957983.7894154,26.617073170731707,54.79512195121951
1756958583.908248,26.697560975609754,55.609756097560975
1756959184.0420313,26.700000000000003,56.580487804878054
1756959784.1521285,26.700000000000003,57.076829268292684
1756960384.2833781,26.700000000000003,57.59634146341463
1756960984.395632,26.700000000000003,58.07073170731707
1756961584.54028,26.700000000000003,58.47682926829269
1756962184.656802,26.700000000000003,58.84024390243902
1756962784.788914,26.700000000000003,59.1280487804878
1756963384.9019814,26.700000000000003,59.41829268292683
1756963985.0250099,26.700000000000003,59.64878048780488
1756964585.132749,26.700000000000003,60.0219512195122
1756965185.2614083,26.700000000000003,60.35853658536585
1756965785.3738062,26.621951219512194,60.60121951219512
1756966385.5049238,26.600000000000005,60.703658536585365
1756966991.6292787,26.600000000000005,60.72560975609756
1756967591.7596831,26.600000000000005,60.767073170731706
1756968191.8694835,26.54268292682927,61.28780487804878
1756968792.0035994,26.453658536585365,61.62439024390244
1756969392.1218815,26.399999999999995,61.674390243902444
1756969992.2450845,26.399999999999995,61.670731707317074
1756970592.3516052,26.379268292682926,61.734146341463415
1756971198.4793265,26.299999999999997,61.93536585365853
1756971798.5939903,26.299999999999997,62.264634146341464
1756972398.734569,26.299999999999997,62.619512195121956
1756972998.8509722,26.299999999999997,62.958536585365856
1756973616.985873,26.22439024390244,63.09878048780488
1756974217.1125786,26.200000000000003,63.17926829268293
1756974817.2464228,26.200000000000003,63.16951219512196
1756975417.356659,26.200000000000003,63.30487804878049
1756976041.487788,26.17439024390244,63.42926829268293
1756976641.6028311,26.103658536585368,63.63536585365854
1756977241.7367027,26.100000000000005,63.859756097560975
1756977841.8452132,26.100000000000005,64.17926829268292
1756978441.9740694,26.100000000000005,64.34390243902439
1756979042.082159,26.100000000000005,64.40731707317074
1756979642.2270997,26.100000000000005,64.62073170731706
1756980242.3450685,26.070731707317076,64.72560975609755
1756980842.4693515,26.01707317073171,64.78658536585365
1756981442.592521,26.0,64.77682926829269
1756982042.7226014,26.0,64.84756097560975
1756982642.830681,25.920731707317074,64.88536585365854
1756983242.9668508,25.899999999999995,64.93170731707318
1756983843.081703,25.899999999999995,64.90853658536585
1756984443.2130463,25.899999999999995,64.91829268292683
1756985049.3224247,25.899999999999995,65.02439024390245
1756985649.452623,25.899999999999995,65.14146341463415
1756986249.5655785,25.899999999999995,65.24878048780488
1756986849.721275,25.899999999999995,65.21219512195123
1756987449.8285978,25.848780487804877,65.54634146341463
1756988055.9596133,25.863414634146338,65.96707317073171
1756988656.074205,25.799999999999997,66.3170731707317
1756989256.1986942,25.799999999999997,66.57439024390243
1756989856.3055449,25.799999999999997,66.79634146341463
1756990468.439255,25.799999999999997,67.14024390243902
1756991068.5538023,25.75487804878049,67.48414634146341
1756991668.6746922,25.700000000000003,67.80731707317074
1756992268.7847373,25.700000000000003,68.15
1756992868.9159129,25.700000000000003,68.31463414634146
1756993469.0253692,25.700000000000003,68.56585365853658
1756994069.159519,25.700000000000003,68.83536585365853
1756994669.2709165,25.700000000000003,69.08048780487805
1756995269.401718,25.78292682926829,69.96219512195121
1756995869.5099995,25.728048780487804,71.01341463414634
1756996469.631806,25.700000000000003,71.49878048780488
1756997069.7471168,25.69268292682927,71.17073170731707
1756997669.881068,24.94878048780488,69.01097560975609
1756998269.9916635,24.914634146341463,68.0439024390244
1756998870.1240942,24.74390243902439,67.55243902439025
1756999476.2465332,24.837804878048782,66.7939024390244
1757000076.3790805,24.797560975609755,66.26829268292683
1757000676.4994898,24.84390243902439,66.07926829268293
1757001276.6318614,24.76219512195122,65.92073170731707
1757001876.7412682,24.453658536585365,65.96463414634147
1757002476.8658645,24.5,65.69390243902438
1757003077.030561,24.67560975609756,65.92682926829268
1757003677.1770663,24.320731707317073,66.44999999999999
1757004277.2884278,24.539024390243902,66.62317073170732
1757004877.4157178,24.384146341463413,66.89268292682927
1757005477.528237,24.48780487804878,67.02560975609757
1757006083.6540651,24.674390243902437,66.60975609756098
1757006683.7708035,24.23170731707317,67.82195121951219
1757007283.9021466,23.76341463414634,68.97317073170731
1757007884.0215843,23.65609756097561,69.40243902439025
1757008496.1506348,23.7390243902439,69.15243902439025
1757009096.2669451,23.702439024390245,69.73048780487804
1757009696.3972473,23.717073170731705,69.39512195121951
1757010296.512862,23.721951219512196,69.32560975609756
1757010908.6402965,23.659756097560976,69.32195121951219
1757011508.7560933,23.75487804878049,69.71951219512195
1757012108.8879313,23.76219512195122,69.28048780487805
1757012709.010992,23.62317073170732,69.51097560975609
1757013309.1349137,23.50121951219512,69.82439024390244
1757013909.245469,23.384146341463413,70.93048780487806
1757014509.3726118,23.91829268292683,71.07682926829268
1757015115.483302,24.109756097560975,71.15365853658537
1757015715.6098251,24.308536585365854,71.55243902439025
1757016315.7254567,24.484146341463415,71.6841463414634
1757016921.8504522,24.539024390243902,70.95975609756097
1757017521.958563,24.552439024390242,70.05000000000001
1757018122.089668,24.307317073170733,70.04146341463414
1757018722.2060587,24.203658536585365,70.58048780487805
1757019322.330919,24.085365853658537,70.7890243902439
1757019922.4497693,23.835365853658537,70.97073170731707
1757020522.5813231,23.914634146341463,70.58414634146341
1757021122.6948419,24.1109756097561,70.22439024390243
1757021722.8283849,24.51707317073171,69.49268292682926
1757022322.9445617,24.573170731707318,69.21829268292683
1757022923.131485,24.307317073170733,69.14878048780487
1757023523.3018572,24.351219512195122,69.76219512195122
1757024123.4260528,24.782926829268295,68.88414634146342
1757024723.5351145,24.7390243902439,68.56219512195122
1757025323.6711128,24.759756097560974,68.41219512195123
1757025929.78605,24.978048780487804,67.7390243902439
1757026529.913517,24.710975609756098,68.15609756097561
1757027130.026001,24.7,68.46829268292683
1757027730.1480005,24.818292682926828,68.0439024390244
1757028330.2591834,24.992682926829268,67.68658536585366
1757028960.3987198,25.063414634146344,67.5780487804878
1757029560.5145698,24.924390243902437,67.85731707317073
1757030160.6451623,25.06951219512195,67.6390243902439
1757030760.7601788,25.23536585365854,67.54024390243903
1757031360.8909934,25.01951219512195,68.41951219512195
1757031961.0019753,24.62317073170732,69.64512195121952
1757032561.1417792,24.860975609756096,71.72073170731707
1757033161.2515357,25.126829268292685,72.55000000000001
1757033761.3838217,25.045121951219514,72.36219512195122
1757034361.5000455,24.82439024390244,72.10121951219513
1757034967.6324778,24.8,71.68658536585366
1757035567.747426,24.806097560975612,71.24878048780488
1757036167.8748422,24.8,70.90365853658537
1757036779.9832997,24.789024390243902,70.6890243902439
1757037380.1181054,24.789024390243902,70.35
1757037980.2366138,24.758536585365853,70.10853658536585
1757038580.3602495,24.782926829268295,69.90243902439025
1757039180.475682,24.68170731707317,69.95365853658537
1757039780.6007788,24.7,69.80853658536586
1757040380.7144296,24.684146341463414,69.72317073170731
1757040980.8457234,24.7,69.49634146341464
1757041580.9640133,24.713414634146343,69.20121951219512
1757042181.0959833,24.714634146341464,68.9390243902439
1757042781.2140365,24.745121951219513,68.36951219512196
1757043381.3472989,24.729268292682928,67.96463414634145
1757043981.4608448,24.725609756097562,67.3890243902439
1757044581.599737,24.81829268292683,66.79634146341463
1757045181.7169826,24.96951219512195,66.41585365853659
1757045781.8535008,24.63780487804878,67.30731707317074
1757046381.9711342,24.669512195121953,67.02682926829269
1757047283.6599565,24.896341463414632,65.92560975609756
1757047883.7749705,24.56829268292683,67.33048780487805
1757048483.9105341,24.46951219512195,68.13536585365854
1757049084.0268397,24.326829268292684,68.7890243902439
1757049684.158766,24.214634146341464,69.36707317073171
1757050284.2762926,24.2,69.65121951219511
1757050884.400636,24.12317073170732,69.85487804878049
1757051484.5180252,24.1,69.98048780487804
1757052084.6641855,24.1,70.03780487804877
1757052684.7833836,24.026829268292683,70.2670731707317
1757053284.9044333,23.971951219512196,70.53292682926829
1757053885.0235262,23.9,70.79024390243903
1757054491.1479712,23.945121951219512,70.75975609756098
1757055091.262571,23.98780487804878,70.72682926829268
1757055691.4079938,23.924390243902437,70.76463414634146
1757056297.5208237,23.9,70.9390243902439
1757056897.6507187,23.9,71.10365853658537
1757057497.7652338,24.00121951219512,70.91463414634147
1757058097.8974981,24.014634146341464,70.87439024390244
1757058698.0055916,24.01707317073171,71.0219512195122
1757059298.1611266,24.176829268292682,71.4329268292683
1757059898.2722316,24.26951219512195,71.91463414634147
1757060498.3911216,24.3,72.58658536585367
1757061098.5069048,24.3,72.92317073170732
1757061698.636746,24.3,73.34634146341463
1757062298.7500587,24.360975609756096,73.7109756097561
1757062898.8926158,24.4,74.10609756097561
1757063499.0057282,24.4,74.56951219512194
1757064105.1413586,24.414634146341463,74.89268292682927
1757064705.2755952,24.410975609756097,75.24024390243902
1757065305.4131238,24.4,75.59268292682926
1757065905.5318563,24.4,75.75243902439024
1757066505.691767,24.4,75.98170731707317
1757067105.8018274,24.4,76.01585365853659
1757067711.9477766,24.4,76.18048780487806
1757068312.0662825,24.4,76.46219512195123
1757068924.2267306,24.4,76.59146341463415
1757069524.3385203,24.32439024390244,76.6170731707317
1757070136.475288,24.359756097560975,76.78170731707317
1757070736.5875647,24.382926829268293,76.46585365853659
1757071336.7155817,24.103658536585368,76.2439024390244
1757071936.8382704,24.003658536585366,76.00365853658536
1757072536.9715228,23.926829268292682,75.94024390243902
1757073137.09353,23.9,75.96219512195123
1757073737.2364564,23.9,75.9780487804878
1757074337.38094,23.9,75.96585365853659
1757074937.5090363,23.9,75.99512195121952
1757075537.6274462,23.775609756097563,75.5219512195122
1757076143.761712,23.82439024390244,75.49878048780488
1757076743.875932,23.8,75.59634146341463
1757077344.0100973,23.8,75.48048780487804
1757077944.1296744,23.8,75.52560975609755
1757078544.25491,23.76341463414634,75.64756097560975
1757079144.3827457,23.809756097560978,75.52073170731707
1757079744.5171351,23.8,75.43170731707318
1757080350.6344216,23.87073170731707,75.31585365853658
1757080950.7647984,23.902439024390244,75.2719512195122
1757081550.8764627,24.139024390243904,75.33536585365853
1757082151.0156093,24.167073170731708,75.28536585365853
1757082751.129744,24.259756097560974,74.45121951219512
1757083351.2552996,24.3,73.34390243902439
1757083951.3670628,24.45609756097561,73.59268292682927
1757084551.5132272,24.53048780487805,74.23170731707317
1757085151.6349149,24.65,74.27682926829269
1757085751.7725437,24.76707317073171,73.88414634146342
1757086351.8900006,24.8109756097561,74.13780487804878
1757086952.0244787,24.9,74.26585365853659
1757087552.1424692,24.99756097560976,73.97073170731707
1757088152.2667456,25.120731707317074,71.00975609756098
1757088752.3888397,25.381707317073168,69.10609756097561
1757089352.525126,25.396341463414632,69.17804878048781
1757089952.6369386,25.5,68.08292682926829
1757090564.7682993,25.598780487804877,66.80243902439025
1757091164.8788042,25.610975609756096,65.92926829268292
1757091771.0197105,25.642682926829266,64.82073170731708
1757092371.1288466,25.639024390243904,63.71219512195122
1757092977.2917783,25.535365853658536,63.00731707317074
1757093583.4070046,25.49634146341463,61.697560975609754
1757094183.542167,25.60487804878049,60.150000000000006
1757094783.656992,25.77682926829268,58.66219512195122
1757095383.7982352,26.0609756097561,57.201219512195124
1757095983.9144883,26.00121951219512,56.426829268292686
1757096584.0336587,25.860975609756096,55.99756097560976
1757097184.147404,25.773170731707317,55.96585365853658
1757097784.2707694,25.852439024390247,56.208536585365856
1757098384.384893,25.700000000000003,55.6280487804878
1757098984.5137322,25.80609756097561,54.83780487804878
1757099584.6271458,25.950000000000003,54.926829268292686
1757100184.7562823,26.0,54.926829268292686
1757100784.868504,26.009756097560977,55.332926829268295
1757101384.9951768,26.020731707317072,55.67926829268293
1757101991.1099668,26.100000000000005,55.80121951219512
1757102591.2298572,26.068292682926828,56.11829268292683
1757103197.3469746,26.119512195121953,56.33048780487804
1757103797.4719865,26.200000000000003,56.143902439024394
1757104397.5816693,25.973170731707313,56.74756097560976
1757104997.7137887,26.086585365853658,55.79512195121951
1757105597.820908,26.073170731707318,56.1280487804878
1757106197.9394877,26.041463414634148,56.41219512195122
1757106798.0533977,26.00121951219512,56.78658536585366
1757107398.1755106,26.008536585365853,57.075609756097556
1757107998.2825544,26.097560975609756,57.27439024390244
1757108598.41597,26.058536585365857,57.65853658536585
1757109198.5251243,26.070731707317076,58.15365853658537
1757109798.648163,26.1890243902439,58.829268292682926
1757110398.7603235,26.273170731707317,58.923170731707316
1757110998.89093,26.399999999999995,58.78048780487805
1757111598.998447,26.36829268292683,59.11219512195122
1757112199.1325712,26.200000000000003,59.94634146341464
1757112799.2457063,26.200000000000003,60.77682926829268
1757113399.373027,26.201219512195124,61.79756097560975
1757113999.4860792,26.546341463414635,62.5780487804878
1757114599.6185007,26.665853658536584,62.451219512195124
1757115199.735537,26.700000000000003,62.56707317073171
1757115805.8598983,26.51219512195122,62.767073170731706
1757116411.969296,26.442682926829264,63.21219512195122
1757117012.1139326,26.51585365853659,63.0390243902439
1757117612.230127,26.274390243902438,63.3890243902439
1757118212.3513587,26.198780487804875,63.75731707317074
1757118812.4615116,26.200000000000003,64.14024390243902
1757119412.5941827,26.521951219512196,66.7109756097561
1757120012.711013,26.78048780487805,66.60853658536585
1757120612.8349447,26.700000000000003,66.5219512195122
1757121218.957272,26.66219512195122,66.39634146341463
1757121819.0872786,26.68658536585366,66.41585365853659
1757122419.1977336,26.600000000000005,67.06951219512194
1757123025.3294861,26.459756097560973,67.09024390243901
1757123625.4350042,26.48536585365854,66.72926829268293
1757124225.5815861,26.31219512195122,66.02073170731707
1757124825.7034743,26.200000000000003,64.91707317073171
1757125425.83573,26.22439024390244,64.75975609756098
1757126025.9476535,26.46707317073171,64.8719512195122
1757126626.0756,26.47317073170732,65.32073170731708
1757127226.193929,26.75121951219512,65.57560975609756
1757127826.3169594,26.799999999999997,66.51219512195122
1757128426.4235187,26.641463414634146,67.94878048780488
1757129026.5557265,26.5,68.88780487804878
1757129626.6668394,26.5,69.54024390243903
1757130226.7986357,26.5,69.99634146341464
1757130826.913884,26.5,70.47682926829269
1757131427.034496,26.5,70.94634146341464
1757132027.1492047,26.5,71.3780487804878
1757132627.292193,26.42560975609756,71.26341463414634
1757133227.4008474,26.399999999999995,71.14390243902439
1757133827.5276096,26.399999999999995,71.09756097560975
1757134427.6394892,26.393902439024387,71.13048780487804
1757135033.7630327,26.299999999999997,70.9109756097561
1757135639.877739,26.299999999999997,70.7109756097561
1757136240.0069053,26.285365853658536,70.53292682926829
1757136840.1170416,26.241463414634147,70.54024390243903
1757137440.2481987,26.200000000000003,70.5548780487805
1757138040.373285,26.200000000000003,70.59634146341463
1757138640.496788,26.200000000000003,70.76463414634146
1757139240.6116767,26.200000000000003,71.11463414634146
1757139840.7373319,26.200000000000003,71.50731707317074
1757140440.8472311,26.200000000000003,71.6
1757141040.9660425,26.200000000000003,71.56463414634146
1757141653.082782,26.184146341463414,71.75121951219512
1757142253.204016,26.126829268292685,71.71463414634147
1757142853.319054,26.100000000000005,71.68536585365854
1757143453.4489374,26.100000000000005,71.56219512195122
1757144053.563839,26.03292682926829,71.76951219512196
1757144653.685813,26.0,72.11951219512196
1757145253.7988422,25.979268292682928,72.49756097560976
1757145853.9305227,25.940243902439022,72.77682926829269
1757146454.0532005,25.899999999999995,72.87073170731708
1757147054.2072144,25.853658536585368,72.85
1757147654.3229048,25.899999999999995,73.00121951219512
1757148254.4524155,25.899999999999995,73.01097560975609
1757148860.5663857,25.885365853658534,73.06463414634146
1757149460.6909266,25.799999999999997,73.2
1757150060.8039346,25.78170731707317,73.2109756097561
1757150660.9387455,25.74756097560976,73.2
1757151261.0498514,25.700000000000003,73.3109756097561
1757151861.1802447,25.700000000000003,73.44878048780488
1757152461.3059847,25.602439024390247,73.5951219512195
1757153067.4264889,25.600000000000005,73.71585365853659
1757153667.5406961,25.600000000000005,73.88048780487806
1757154267.6771429,25.600000000000005,73.88170731707318
1757154867.789329,25.600000000000005,73.98536585365854
1757155485.9266868,25.545121951219514,73.84024390243901
1757156086.039612,25.5,73.80365853658536
1757156704.1654363,25.5,74.00243902439024
1757157304.2773933,25.440243902439022,74.05975609756098
1757157904.4080162,25.399999999999995,74.06463414634146
1757158504.5283618,25.399999999999995,74.14024390243902
1757159104.6632159,25.374390243902436,74.19878048780488
1757159704.7778337,25.397560975609753,74.28048780487805
